username,password,cliente_id,vehiculo_id
cliente_perf001,Perf2025!,1,1
cliente_perf002,Perf2025!,2,2
cliente_perf003,Perf2025!,3,3
cliente_perf004,Perf2025!,4,4
cliente_perf005,Perf2025!,5,5
cliente_perf006,Perf2025!,6,6
cliente_perf007,Perf2025!,7,7
cliente_perf008,Perf2025!,8,8
cliente_perf009,Perf2025!,9,9
cliente_perf010,Perf2025!,10,10
cliente_perf011,Perf2025!,11,11
cliente_perf012,Perf2025!,12,12
cliente_perf013,Perf2025!,13,13
cliente_perf014,Perf2025!,14,14
cliente_perf015,Perf2025!,15,15
cliente_perf016,Perf2025!,16,16
cliente_perf017,Perf2025!,17,17
cliente_perf018,Perf2025!,18,18
cliente_perf019,Perf2025!,19,19
cliente_perf020,Perf2025!,20,20
cliente_perf021,Perf2025!,21,21
cliente_perf022,Perf2025!,22,22
cliente_perf023,Perf2025!,23,23
cliente_perf024,Perf2025!,24,24
cliente_perf025,Perf2025!,25,25
cliente_perf026,Perf2025!,26,26
cliente_perf027,Perf2025!,27,27
cliente_perf028,Perf2025!,28,28
cliente_perf029,Perf2025!,29,29
cliente_perf030,Perf2025!,30,30
cliente_perf031,Perf2025!,31,31
cliente_perf032,Perf2025!,32,32
cliente_perf033,Perf2025!,33,33
cliente_perf034,Perf2025!,34,34
cliente_perf035,Perf2025!,35,35
cliente_perf036,Perf2025!,36,36
cliente_perf037,Perf2025!,37,37
cliente_perf038,Perf2025!,38,38
cliente_perf039,Perf2025!,39,39
cliente_perf040,Perf2025!,40,40
cliente_perf041,Perf2025!,41,41
cliente_perf042,Perf2025!,42,42
cliente_perf043,Perf2025!,43,43
cliente_perf044,Perf2025!,44,44
cliente_perf045,Perf2025!,45,45
cliente_perf046,Perf2025!,46,46
cliente_perf047,Perf2025!,47,47
cliente_perf048,Perf2025!,48,48
cliente_perf049,Perf2025!,49,49
cliente_perf050,Perf2025!,50,50
cliente_perf051,Perf2025!,51,51
cliente_perf052,Perf2025!,52,52
cliente_perf053,Perf2025!,53,53
cliente_perf054,Perf2025!,54,54
cliente_perf055,Perf2025!,55,55
cliente_perf056,Perf2025!,56,56
cliente_perf057,Perf2025!,57,57
cliente_perf058,Perf2025!,58,58
cliente_perf059,Perf2025!,59,59
cliente_perf060,Perf2025!,60,60
cliente_perf061,Perf2025!,61,61
cliente_perf062,Perf2025!,62,62
cliente_perf063,Perf2025!,63,63
cliente_perf064,Perf2025!,64,64
cliente_perf065,Perf2025!,65,65
cliente_perf066,Perf2025!,66,66
cliente_perf067,Perf2025!,67,67
cliente_perf068,Perf2025!,68,68
cliente_perf069,Perf2025!,69,69
cliente_perf070,Perf2025!,70,70
cliente_perf071,Perf2025!,71,71
cliente_perf072,Perf2025!,72,72
cliente_perf073,Perf2025!,73,73
cliente_perf074,Perf2025!,74,74
cliente_perf075,Perf2025!,75,75
cliente_perf076,Perf2025!,76,76
cliente_perf077,Perf2025!,77,77
cliente_perf078,Perf2025!,78,78
cliente_perf079,Perf2025!,79,79
cliente_perf080,Perf2025!,80,80
cliente_perf081,Perf2025!,81,81
cliente_perf082,Perf2025!,82,82
cliente_perf083,Perf2025!,83,83
cliente_perf084,Perf2025!,84,84
cliente_perf085,Perf2025!,85,85
cliente_perf086,Perf2025!,86,86
cliente_perf087,Perf2025!,87,87
cliente_perf088,Perf2025!,88,88
cliente_perf089,Perf2025!,89,89
cliente_perf090,Perf2025!,90,90
cliente_perf091,Perf2025!,91,91
cliente_perf092,Perf2025!,92,92
cliente_perf093,Perf2025!,93,93
cliente_perf094,Perf2025!,94,94
cliente_perf095,Perf2025!,95,95
cliente_perf096,Perf2025!,96,96
cliente_perf097,Perf2025!,97,97
cliente_perf098,Perf2025!,98,98
cliente_perf099,Perf2025!,99,99
cliente_perf100,Perf2025!,100,100
